,Kelurahan,Kecamatan,Nama,Alamat
0,"Pulau Panggang, Kepulauan Seribu Utara, Kepulauan Seribu",KEP. SERIBU UTARA,Karya Beach,"Alamat: 7J72+W82 Pulau Karya, Pulau Panggang, Kepulauan Seribu Utara, Kab. Administrasi Kepulauan Seribu, Daerah Khusus Ibukota Jakarta 14530 "
1,"Pulau Panggang, Kepulauan Seribu Utara, Kepulauan Seribu",KEP. SERIBU UTARA,Panggang island,"Alamat: 7J37+HQP, Pulau Panggang, Kepulauan Seribu Utara, Kab. Administrasi Kepulauan Seribu, Daerah Khusus Ibukota Jakarta 14530 "
2,Pulau Klp.,KEP. SERIBU UTARA,Wisata Pulau Kelapa,"Alamat: RT.02/RW.01, Pulau Klp., Kepulauan Seribu Utara, Kab. Administrasi Kepulauan Seribu, Daerah Khusus Ibukota Jakarta 13410 "
3,Pulau Klp.,KEP. SERIBU UTARA,Pulau Kaliage,"Alamat: 8HQ8+6RR, Klp.,, Pulau Klp., Kepulauan Seribu Utara, Kab. Administrasi Kepulauan Seribu, Daerah Khusus Ibukota Jakarta 14530 "
4,Pulau Klp.,KEP. SERIBU UTARA,Pulau Harapan Trip,"Alamat: Pulau Kelapa Dua Kec. Pulau Kelapa Kab. ADM. Kepulauan Seribu Utara, Pulau Kelapa, Jakarta Utara, Pulau Kelapa, Kepulauan Seribu Utara Pulau Kelapa Kepulauan Seribu Utara, Pulau Kelapa, Kepulauan Seribu Utara, Pulau Klp., Kepulauan Seribu Utara, Kab. Administrasi Kepulauan Seribu, Daerah Khusus Ibukota Jakarta 14540 "
5,PULAU HARAPAN,KEP. SERIBU UTARA,Wisata Pulau Harapan,"Alamat: RT.05/RW.02, Pulau Harapan, Kepulauan Seribu Utara, Kab. Administrasi Kepulauan Seribu, Daerah Khusus Ibukota Jakarta 14540 "
6,PULAU UNTUNG JAWA,KEP. SERIBU SELATAN,Untung Jawa Tour,"Alamat: Jl. Dermaga Barat, Pulau Untung Jawa, Kec. Kepulauan Seribu Sel., Kab. Administrasi Kepulauan Seribu, Daerah Khusus Ibukota Jakarta 14510 "
7,PULAU UNTUNG JAWA,KEP. SERIBU SELATAN,Pulau Kelor,"Alamat: XPFW+P59, Pulau Untung Jawa, Kec. Kepulauan Seribu Sel., Kab. Administrasi Kepulauan Seribu, Daerah Khusus Ibukota Jakarta "
8,PULAU UNTUNG JAWA,KEP. SERIBU SELATAN,Pulau Rambut Preserve,"Alamat: 2MCV+X5X, Pulau Untung Jawa, Kec. Kepulauan Seribu Sel., Kab. Administrasi Kepulauan Seribu, Daerah Khusus Ibukota Jakarta "
9,PULAU UNTUNG JAWA,KEP. SERIBU SELATAN,Museum Pulau Onrust,"Alamat: Onrust/Kapal), Pulau, Pulau Untung Jawa, Kec. Kepulauan Seribu Sel., Kab. Administrasi Kepulauan Seribu, Daerah Khusus Ibukota Jakarta "
10,PULAU UNTUNG JAWA,KEP. SERIBU SELATAN,Pulau Cipir,"Alamat: XP6P+679, Pulau Untung Jawa, Kec. Kepulauan Seribu Sel., Kab. Administrasi Kepulauan Seribu, Daerah Khusus Ibukota Jakarta "
11,PULAU UNTUNG JAWA,KEP. SERIBU SELATAN,Pohon Pengantin,"Alamat: 2PF5+XHP, Pulau Untung Jawa, Kec. Kepulauan Seribu Sel., Kab. Administrasi Kepulauan Seribu, Daerah Khusus Ibukota Jakarta 14510 "
12,PULAU UNTUNG JAWA,KEP. SERIBU SELATAN,Whole Cake Island,"Alamat: XPFW+M44, Pulau Untung Jawa, Kec. Kepulauan Seribu Sel., Kab. Administrasi Kepulauan Seribu, Daerah Khusus Ibukota Jakarta "
13,PULAU UNTUNG JAWA,KEP. SERIBU SELATAN,Taman Dermaga Timur,"Alamat: 2P95+XJV, Pulau Untung Jawa, Kec. Kepulauan Seribu Sel., Kab. Administrasi Kepulauan Seribu, Daerah Khusus Ibukota Jakarta "
14,PULAU TIDUNG,KEP. SERIBU SELATAN,Wisata Pulau Tidung Kepulauan Seribu,"Alamat: 5GWF+M34, Pulau Tidung, Kec. Kepulauan Seribu Sel., Kab. Administrasi Kepulauan Seribu, Daerah Khusus Ibukota Jakarta 14520 "
15,PULAU TIDUNG,KEP. SERIBU SELATAN,Dinowisata Pulau Seribu,"Alamat: Selatan Kab. Administrasi, Pulau Tidung RT.001/03 No.20, Pulau Tidung, Kec. Kepulauan Seribu Sel., Kab. Administrasi Kepulauan Seribu, Daerah Khusus Ibukota Jakarta 14520 "
16,PULAU TIDUNG,KEP. SERIBU SELATAN,Wisata Pulau Tidung Kecil,"Alamat: 5GVC+VVG, Unnamed Road, Pulau Tidung, Kec. Kepulauan Seribu Sel., Kab. Administrasi Kepulauan Seribu, Daerah Khusus Ibukota Jakarta 14520 "
17,PULAU TIDUNG,KEP. SERIBU SELATAN,Pulau Seribu Traveling,"Alamat: Jl. Pantai Selatan No. 14, RT. 06 / RW. 01, Pulau Tidung, Kepulauan Seribu Selatan, Pulau Tidung, Kec. Kepulauan Seribu Sel., Kab. Administrasi Kepulauan Seribu, Daerah Khusus Ibukota Jakarta 14520 "
18,PULAU TIDUNG,KEP. SERIBU SELATAN,Paket Pulau Tidung,"Alamat: Pulau Tidung Rt 003/02 Kelurahan, Jakarta, Pulau Tidung, Kec. Kepulauan Seribu Sel., Kab. Administrasi Kepulauan Seribu, Daerah Khusus Ibukota Jakarta 14520 "
19,PULAU TIDUNG,KEP. SERIBU SELATAN,Travel Pulau Payung,"Alamat: Pulau payung Dki jakarta, Pulau Tidung, Kec. Kepulauan Seribu Sel., Kab. Administrasi Kepulauan Seribu, Daerah Khusus Ibukota Jakarta 14530 "
20,PULAU TIDUNG,KEP. SERIBU SELATAN,Tidung Water Sport,"Alamat: 5GWF+PG7, Pulau Tidung, Kec. Kepulauan Seribu Sel., Kab. Administrasi Kepulauan Seribu, Daerah Khusus Ibukota Jakarta 14520 "
21,PULAU TIDUNG,KEP. SERIBU SELATAN,BIRO WISATA PULAU TIDUNG,"Alamat: Selatan, Jl. Kampung Baru Rt 002 Rw 003 No 31. Kel. Pulau Tidung Kec, Pulau Tidung, Kec. Kepulauan Seribu Sel., Kab. Administrasi Kepulauan Seribu, Daerah Khusus Ibukota Jakarta 14520 "
22,Pulau Pari,KEP. SERIBU SELATAN,Pantai Pasir Perawan,"Alamat: Jl. Pari Utama, Pulau Pari, Kec. Kepulauan Seribu Sel., Kab. Administrasi Kepulauan Seribu, Daerah Khusus Ibukota Jakarta 14520 "
23,Pulau Pari,KEP. SERIBU SELATAN,Wisata pulau,"Alamat: JL.utama pari raya No.16, RT.2/RW.4, Pulau Pari, Kec. Kepulauan Seribu Sel., Kab. Administrasi Kepulauan Seribu, Daerah Khusus Ibukota Jakarta 14520 "
24,Pulau Pari,KEP. SERIBU SELATAN,WISATA PULAU PARI,"Alamat: Pulau Pari RT dua RW 4 Kelurahan Pulau Pari Kecamatan Kepulauan Seribu, Selatan, Kabupaten Kepulauan Seribu, Pulau Pari, Kec. Kepulauan Seribu Sel., Jakarta, Daerah Khusus Ibukota Jakarta 14528 "
25,Pulau Pari,KEP. SERIBU SELATAN,Pulau Pari Tour And Travel,"Alamat: 4JVF+QM5, Pulau Pari, Kec. Kepulauan Seribu Sel., Kab. Administrasi Kepulauan Seribu, Daerah Khusus Ibukota Jakarta 14520 "
26,Pulau Pari,KEP. SERIBU SELATAN,Dermaga LIPI,"Alamat: 4JP6+J32, Pulau Pari, Kec. Kepulauan Seribu Sel., Kab. Administrasi Kepulauan Seribu, Daerah Khusus Ibukota Jakarta 14520 "
27,Pulau Pari,KEP. SERIBU SELATAN,Taman Mangrove Pulaupariofficial,"Alamat: 4JWJ+498, Pulau Pari, Kec. Kepulauan Seribu Sel., Kab. Administrasi Kepulauan Seribu, Daerah Khusus Ibukota Jakarta 14520 "
28,Gambir,GAMBIR,GAMBIR STATION,"Alamat: RRFJ+W3W, pojok umkm indonesia stasiun gambir pintu keluar utara, RT.5/RW.2, Gambir, Kecamatan Gambir, Kota Jakarta Pusat, Daerah Khusus Ibukota Jakarta 10110 "
29,Gambir,GAMBIR,Best View of Monas,"Alamat: RRFH+RX2, RT.5/RW.2, Gambir, Kecamatan Gambir, Kota Jakarta Pusat, Daerah Khusus Ibukota Jakarta 10110 "
30,Gambir,GAMBIR,Monumen Nasional (Monas),"Alamat: 5, Jl. Medan Merdeka Utara No.2, RT.5/RW.2, Gambir, Kecamatan Gambir, Kota Jakarta Pusat, Daerah Khusus Ibukota Jakarta 10110 "
31,Gambir,GAMBIR,Taman Pandang Istana,"Alamat: Jalan Silang Monas Barat Laut, RT.5/RW.2, Gambir, RT.5/RW.2, Gambir, Kecamatan Gambir, Kota Jakarta Pusat, Daerah Khusus Ibukota Jakarta 10110 "
32,Gambir,GAMBIR,Museum Nasional Indonesia,"Alamat: Jl. Medan Merdeka Barat No.12, Gambir, Kecamatan Gambir, Kota Jakarta Pusat, Daerah Khusus Ibukota Jakarta 10110 "
33,Petojo Sel.,GAMBIR,Museum Prasasti Jakarta,"Alamat: Jl. Tanah Abang I No.1, RT.11/RW.8, Petojo Sel., Kecamatan Gambir, Kota Jakarta Pusat, Daerah Khusus Ibukota Jakarta 10160 "
34,Kb. Klp.,GAMBIR,Tugu Harmoni,"Alamat: Jl. Hayam Wuruk VI No.1, RT.2/RW.3, Kb. Klp., Kecamatan Gambir, Kota Jakarta Pusat, Daerah Khusus Ibukota Jakarta 10120 "
35,Ps. Baru,SAWAH BESAR,Taman Lapangan Banteng,"Alamat: RRHP+Q2F, Ps. Baru, Kecamatan Sawah Besar, Kota Jakarta Pusat, Daerah Khusus Ibukota Jakarta 10710 "
36,Ps. Baru,SAWAH BESAR,Gedung Filateli Jakarta,"Alamat: RRMM+7FJ, Jl. Pos, Ps. Baru, Kecamatan Sawah Besar, Kota Jakarta Pusat, Daerah Khusus Ibukota Jakarta 10710 "
37,Ps. Baru,SAWAH BESAR,Taman Dr. Wahidin,"Alamat: RRMQ+3M3, Jl. Dr. Wahidin I, Ps. Baru, Kecamatan Sawah Besar, Kota Jakarta Pusat, Daerah Khusus Ibukota Jakarta 10710 "
38,Ps. Baru,SAWAH BESAR,Museum Katedral Jakarta,"Alamat: Gereja Katedral Jkt, Jl. Katedral, Ps. Baru, Kecamatan Sawah Besar, Kota Jakarta Pusat, Daerah Khusus Ibukota Jakarta 10710 "
39,Ps. Baru,SAWAH BESAR,Galeri Foto Jurnalistik Antara,"Alamat: Jl. Antara No.59, RT.2/RW.1, Ps. Baru, Kecamatan Sawah Besar, Kota Jakarta Pusat, Daerah Khusus Ibukota Jakarta 10710 "
40,Kb. Kosong,KEMAYORAN,Museum Sejarah Jakarta,"Alamat: Jl. Convair No.13, RW.6, Kb. Kosong, Kec. Kemayoran, Kota Jakarta Pusat, Daerah Khusus Ibukota Jakarta 10630 "
41,Gn. Sahari Sel.,KEMAYORAN,Pusat Wisata Kuliner JTS keMAYORAn,"Alamat: Jl. Garuda I No.10, Gn. Sahari Sel., Kec. Kemayoran, Kota Jakarta Pusat, Daerah Khusus Ibukota Jakarta 10610 "
42,Senen,SENEN,Museum Kebangkitan Nasional Jakarta,"Alamat: Jl. Abdul Rachman Saleh No.26, Senen, Kec. Senen, Kota Jakarta Pusat, Daerah Khusus Ibukota Jakarta 10410 "
43,Kenari,SENEN,Museum MH. Thamrin,"Alamat: Jl. Kenari 2 No.15, RW.4, Kenari, Kec. Senen, Kota Jakarta Pusat, Daerah Khusus Ibukota Jakarta 10430 "
44,Kwitang,SENEN,Museum Sumpah Pemuda Jakarta,"Alamat: Jl. Kramat Raya No.106, RW.9, Kwitang, Kec. Senen, Kota Jakarta Pusat, Daerah Khusus Ibukota Jakarta 10420 "
45,Kec. Menteng,MENTENG,Taman Menteng,"Alamat: Jl. HOS. Cokroaminoto, RT.3/RW.5, Menteng, Kec. Menteng, Kota Jakarta Pusat, Daerah Khusus Ibukota Jakarta 10310 "
46,Kec. Menteng,MENTENG,Taman Suropati,"Alamat: Jl. Taman Suropati No.5, RT.5/RW.5, Menteng, Kec. Menteng, Kota Jakarta Pusat, Daerah Khusus Ibukota Jakarta 10310 "
47,Kec. Menteng,MENTENG,Frog Park Menteng,"Alamat: Taman kodok, RT.3/RW.5, Menteng, Kec. Menteng, Kota Jakarta Pusat, Daerah Khusus Ibukota Jakarta 10310 "
48,Kec. Menteng,MENTENG,Bundaran HI,"Alamat: RR3F+W64, Menteng, Kec. Menteng, Kota Jakarta Pusat, Daerah Khusus Ibukota Jakarta "
49,Kec. Menteng,MENTENG,Antique Market,"Alamat: RR2R+636, Jl. Surabaya Menteng Menteng Menteng Jakarta Pusat DKI Jakarta, RT.15/RW.5, Menteng, Kec. Menteng, Kota Jakarta Pusat, Daerah Khusus Ibukota Jakarta 10310 "
50,Kec. Menteng,MENTENG,Taman Situ Lembang,"Alamat: Jl. Lembang Terusan No.D-59, RT.6/RW.5, Menteng, Kec. Menteng, Kota Jakarta Pusat, Daerah Khusus Ibukota Jakarta 12910 "
51,Kec. Menteng,MENTENG,Taman Proklamator,"Alamat: Jl. Proklamasi No.10, RT.10/RW.2, Pegangsaan, Kec. Menteng, Kota Jakarta Pusat, Daerah Khusus Ibukota Jakarta 10320 "
52,Kec. Menteng,MENTENG,Miniapolis Plaza Indonesia,"Alamat: Plaza Indonesia Lt. 3, Jl. MH. Thamrin No. 28 - 30, Gondangdia, Menteng, RT.9/RW.5, Gondangdia, Kec. Menteng, Kota Jakarta Pusat, Daerah Khusus Ibukota Jakarta 10350 "
53,Kec. Menteng,MENTENG,Museum Sasmita Loka Ahmad Yani,"Alamat: 11, Jl. Lembang No.67, RT.11/RW.7, Menteng, Kec. Menteng, Kota Jakarta Pusat, Daerah Khusus Ibukota Jakarta 10310 "
54,Kec. Menteng,MENTENG,Museum Perumusan Naskah Proklamasi,"Alamat: Jl. Imam Bonjol No.1, RW.4, Menteng, Kec. Menteng, Kota Jakarta Pusat, Daerah Khusus Ibukota Jakarta 10310 "
55,Pegangsaan,MENTENG,Taman Proklamator,"Alamat: Jl. Proklamasi No.10, RT.10/RW.2, Pegangsaan, Kec. Menteng, Kota Jakarta Pusat, Daerah Khusus Ibukota Jakarta 10320 "
56,Gondangdia,MENTENG,Miniapolis Plaza Indonesia,"Alamat: Plaza Indonesia Lt. 3, Jl. MH. Thamrin No. 28 - 30, Gondangdia, Menteng, RT.9/RW.5, Gondangdia, Kec. Menteng, Kota Jakarta Pusat, Daerah Khusus Ibukota Jakarta 10350 "
57,Gondangdia,MENTENG,Sky Deck Sarinah,"Alamat: Sarinah, Jl. M.H. Thamrin No.11, RT.8/RW.4, Gondangdia, Kec. Menteng, Kota Jakarta Pusat, Daerah Khusus Ibukota Jakarta 10350 "
58,Gondangdia,MENTENG,Taman Gondangdia,"Alamat: RT.1/RW.1, Gondangdia, Menteng, RT.1/RW.1, Gondangdia, Kec. Menteng, Kota Jakarta Pusat, Daerah Khusus Ibukota Jakarta 10350 "
59,Gelora,TANAH ABANG,Pintu 6 Gelora Bung Karno,"Alamat: Pintu 6 Gelora Bung Karno, RT.1/RW.3, Gelora, Kecamatan Tanah Abang, Kota Jakarta Pusat, Daerah Khusus Ibukota Jakarta 10270 "
60,Gelora,TANAH ABANG,Krida loka,"Alamat: Jl. Gerbang Pemuda No.3, RT.1/RW.3, Gelora, Kecamatan Tanah Abang, Kota Jakarta Pusat, Daerah Khusus Ibukota Jakarta 10270 "
61,Gelora,TANAH ABANG,Imagispace,"Alamat: Plaza Senayan, Jl. Asia Afrika No.8, RT.1/RW.3, Gelora, Tanah Abang, Central Jakarta City, Jakarta 10270 "
62,Karet Tengsin,TANAH ABANG,JPO karet,"Alamat: QRP9+QRP, Jl. Jenderal Sudirman, Karet Tengsin, Kecamatan Tanah Abang, Kota Jakarta Pusat, Daerah Khusus Ibukota Jakarta "
63,Karet Tengsin,TANAH ABANG,Jembatan Phinisi,"Alamat: QRP9+QV6, RT.10/RW.11, Karet Tengsin, Kecamatan Setiabudi, Kota Jakarta Pusat, Daerah Khusus Ibukota Jakarta 10250 "
64,Karet Tengsin,TANAH ABANG,CFD ANTV Corner,"Alamat: Jl. Jenderal Sudirman No.10, RW.11, Kuningan, Karet Tengsin, Kecamatan Tanah Abang, Kota Jakarta Pusat, Daerah Khusus Ibukota Jakarta "
65,Karet Tengsin,TANAH ABANG,Jembatan Penyeberangan Orang Setiabudi,"Alamat: Jl. Jenderal Sudirman No.10, RW.11, Karet Tengsin, Kecamatan Tanah Abang, Kota Jakarta Pusat, Daerah Khusus Ibukota Jakarta 10250 "
0,Penjaringan,PENJARINGAN,The Mangrove Paddling Center,"Alamat: 8, RW.1, Kamal Muara, Penjaringan, North Jakarta City, Jakarta "
1,Kamal Muara,PENJARINGAN,Urban Farm PIK,"Alamat: Kawasan Pantai Maju, Jl. The Golf Island Boulevard Kel, Kamal Muara, Kec. Penjaringan, Daerah Khusus Ibukota Jakarta 14460 "
2,Kamal Muara,PENJARINGAN,The Mangrove Paddling Center,"Alamat: 8, RW.1, Kamal Muara, Penjaringan, North Jakarta City, Jakarta "
3,Kamal Muara,PENJARINGAN,Cove at Batavia PIK,"Alamat: Pantai Golf Island, Jl. Pantai Indah Kapuk No.1, RT.7/RW.2, Kamal Muara, Kec. Penjaringan, 14460 "
4,Kamal Muara,PENJARINGAN,Pagoda @ PIK 2 Pantjoran Chinatown,"Alamat: WP6R+8R3, Jl. Pantai Indah Kapuk, RT.7/RW.2, Kamal Muara, Jkt Utara, Daerah Khusus Ibukota Jakarta 14460 "
5,Kamal Muara,PENJARINGAN,Muara PIK,"Alamat: VPXP+VWG, Unnamed Road, RT.8/RW.1, Kamal Muara, Kec. Penjaringan, Jkt Utara, Daerah Khusus Ibukota Jakarta 14470 "
6,Kamal Muara,PENJARINGAN,Meppo Kamal DJAVATRIP,"Alamat: Jl. Pantai Kamal No.RT.8, RT.8/RW.1, Kamal Muara, Kec. Penjaringan, Jkt Utara, Daerah Khusus Ibukota Jakarta 14470 "
7,Kamal Muara,PENJARINGAN,Sungai PIK,"Alamat: VQV2+V8V, Sungai, Jl. Pantai Indah Kapuk, RT.7/RW.2, Kamal Muara, Kec. Penjaringan, Jkt Utara, Daerah Khusus Ibukota Jakarta 14470 "
8,Kamal Muara,PENJARINGAN,TITIK MOTOR GARUS TRAVEL TRIP PULAU,"Alamat: 8, Jl. Pantai Kamal No.RT.8, RT.8/RW.1, Kamal Muara, Kec. Penjaringan, Jkt Utara, Daerah Khusus Ibukota Jakarta 14470 "
9,Kamal Muara,PENJARINGAN,Jual lumut PIK cengkarng,"Alamat: VQH2+399, RT.7/RW.2, Kamal Muara, Kec. Penjaringan, Jkt Utara, Daerah Khusus Ibukota Jakarta 14470 "
10,Kapuk Muara,PENJARINGAN,Mangrove PIK,"Alamat: VQH3+6RM, RT.7/RW.7, Kapuk Muara, Kec. Penjaringan, Jkt Utara, Daerah Khusus Ibukota Jakarta 14460 "
11,Kapuk Muara,PENJARINGAN,Suaka Margasatwa Muara Angke,"Alamat: RT.1/RW.16, Kapuk Muara, Kec. Penjaringan, Jkt Utara, Daerah Khusus Ibukota Jakarta 14460 "
12,Kapuk Muara,PENJARINGAN,Mural Lea manise,"Alamat: VQ6G+54X, Jl. Kapuk Muara Raya, RT.1/RW.2, Kapuk Muara, Kec. Penjaringan, Jkt Utara, Daerah Khusus Ibukota Jakarta 14460 "
13,Kapuk Muara,PENJARINGAN,Pohon RF,"Alamat: VQJ4+98H, Jl. Mandara Permai, RT.1/RW.16, Kapuk Muara, Penjaringan, North Jakarta City, Jakarta "
14,Kapuk Muara,PENJARINGAN,Banda,"Alamat: Jl. Duta Harapan Indah No.21, RT.8/RW.2, Kapuk Muara, Kec. Penjaringan, Jkt Utara, Daerah Khusus Ibukota Jakarta 14460 "
15,Pejagalan,PENJARINGAN,Taman Hutan Kota Penjaringan,"Alamat: VQ8M+RGJ, Jl. Kepanduan II, RT.7/RW.16, Pejagalan, Kec. Penjaringan, Jkt Utara, Daerah Khusus Ibukota Jakarta 14450 "
16,Pejagalan,PENJARINGAN,Kalijodo boulevard,"Alamat: Jl. Kepanduan II No.29, RW.6, Pejagalan, Kec. Penjaringan, Jkt Utara, Daerah Khusus Ibukota Jakarta 14450 "
17,Pejagalan,PENJARINGAN,Galatama Bawal Abah samsuri,"Alamat: VQ4G+HCF, RT.6/RW.15, Pejagalan, Kec. Penjaringan, Jkt Utara, Daerah Khusus Ibukota Jakarta "
18,Pejagalan,PENJARINGAN,Aula utama Kalijodo,"Alamat: VQ5Q+6WF, RT.4/RW.5, Pejagalan, Kec. Penjaringan, Jkt Utara, Daerah Khusus Ibukota Jakarta 14450 "
19,Pluit,PENJARINGAN,Taman Waduk Pluit,"Alamat: 6, Jl. Pluit Timur Raya No.12, RT.6/RW.5, Pluit, Kec. Penjaringan, Jkt Utara, Daerah Khusus Ibukota Jakarta 14450 "
20,Pluit,PENJARINGAN,Dermaga Muara Angke,"Alamat: Jl. Pendaratan Udang No.14, RW.2, Pluit, Kec. Penjaringan, Jkt Utara, Daerah Khusus Ibukota Jakarta 14450 "
21,Pluit,PENJARINGAN,Pluit Karang Cantik Park,"Alamat: Jl. Pluit Karang Cantik IX No.8, RT.8/RW.18, Pluit, Kec. Penjaringan, Jkt Utara, Daerah Khusus Ibukota Jakarta 14450 "
22,Sunter Jaya,TANJUNG PRIOK,Danau Sunter,"Alamat: VV3H+JG7, Danau Sunter, RT.11/RW.11, Sunter Jaya, Kec. Tj. Priok, Jkt Utara, Daerah Khusus Ibukota Jakarta 14360 "
23,Sunter Jaya,TANJUNG PRIOK,Danau Sunter Barat,"Alamat: VV28+MQ8, Danau Sunter Bar, RT.6/RW.12, Sunter Jaya, Kec. Tj. Priok, Jkt Utara, Daerah Khusus Ibukota Jakarta 14360 "
24,Sunter Jaya,TANJUNG PRIOK,PT. Raphita Wisata,"Alamat: Raphita Wisata, Jl. Sunter Kemayoran No.45, RT.1/RW.9, Sunter Jaya, Kec. Tj. Priok, Jkt Utara, Daerah Khusus Ibukota Jakarta 14360 "
25,Papanggo,TANJUNG PRIOK,Danau Cincin,"Alamat: Jl. Warakas VI Gg. 17 No.6, RW.5, Papanggo, Kec. Tj. Priok, Jkt Utara, Daerah Khusus Ibukota Jakarta 14340 "
26,Sungai Bambu,TANJUNG PRIOK,PEMANCINGAN GALAPUNG BANGOR 6161,"Alamat: 6, RT.6/RW.6, Sungai Bambu, Kec. Tj. Priok, Jkt Utara, Daerah Khusus Ibukota Jakarta 14320 "
27,Sunter Agung,TANJUNG PRIOK,Taman BMW,"Alamat: Jl. Danau Sunter Barat No.62, RW.6, Sunter Agung, Kec. Tj. Priok, Jkt Utara, Daerah Khusus Ibukota Jakarta 14350 "
28,Sunter Agung,TANJUNG PRIOK,Di Planet Saturnus,"Alamat: Jl. Agung Utara VII No.52, RT.13/RW.9, Sunter Agung, Kec. Tj. Priok, Jkt Utara, Daerah Khusus Ibukota Jakarta 14350 "
29,Kec. Koja,KOJA,Taman Walang Baru,"Alamat: Jl. Walang Baru Raya, RT.2/RW.15, Tugu Utara, Kec. Koja, Jkt Utara, Daerah Khusus Ibukota Jakarta 14260 "
30,Kec. Koja,KOJA,Taman Banyak,"Alamat: VVJW+6MM, RT.3/RW.3, Rawabadak Utara, Kec. Koja, Jkt Utara, Daerah Khusus Ibukota Jakarta 14230 "
31,Kec. Koja,KOJA,RPTRA Sindang Raya,"Alamat: Jl. Sindang No.30, RT.8/RW.9, Koja, Kec. Koja, Jkt Utara, Daerah Khusus Ibukota Jakarta 14220 "
32,Tugu Utara,KOJA,Taman Walang Baru,"Alamat: Jl. Walang Baru Raya, RT.2/RW.15, Tugu Utara, Kec. Koja, Jkt Utara, Daerah Khusus Ibukota Jakarta 14260 "
33,Tugu Utara,KOJA,Sewa tenda dan alat camping,"Alamat: 11, Jl. Lontar X No.14, RW.10, Tugu Utara, Jkt Utara, Daerah Khusus Ibukota Jakarta 14260 "
34,Rawabadak Utara,KOJA,Taman Rawa Badak Utara,"Alamat: Jl. Yos Sudarso No.152, RT.3/RW.14, Rawabadak Utara, Kec. Koja, Jkt Utara, Daerah Khusus Ibukota Jakarta 14230 "
35,Rawabadak Utara,KOJA,Pemandangan Waduk Rawabadak,"Alamat: Jl. Ps. Ular No.44, RW.3, Rawabadak Utara, Kec. Koja, Jkt Utara, Daerah Khusus Ibukota Jakarta 14230 "
36,Rawabadak Utara,KOJA,Taman Banyak,"Alamat: VVJW+6MM, RT.3/RW.3, Rawabadak Utara, Kec. Koja, Jkt Utara, Daerah Khusus Ibukota Jakarta 14230 "
37,Rawabadak Sel.,KOJA,Waduk Rawabadak,"Alamat: Jl. Mindi (Pembangunan 1) No.20, RT.8/RW.4, Rawabadak Sel., Kec. Koja, Jkt Utara, Daerah Khusus Ibukota Jakarta 14230 "
38,Cilincing,CILINCING,Kampung Nelayan Cilincing,"Alamat: WW2Q+FVH, Unnamed Road, RW.2, Cilincing, North Jakarta City, Jakarta 14120 "
39,Cilincing,CILINCING,HUTAN KOTA CILINCING,"Alamat: Jl. Komp. Pelindo II, Cilincing, Kec. Cilincing, Jkt Utara, Daerah Khusus Ibukota Jakarta "
40,Cilincing,CILINCING,Dermaga Nelayan Cilincing,"Alamat: Jl. Cilincing Krematorium No.18, RT.7/RW.4, Cilincing, Kec. Cilincing, Jkt Utara, Daerah Khusus Ibukota Jakarta 14110 "
41,Sukapura,CILINCING,RPTRA Taman Pinus,"Alamat: Jl. Pinus II No.5, RT.12/RW.5, Sukapura, Kec. Cilincing, Jkt Utara, Daerah Khusus Ibukota Jakarta 14140 "
42,Sukapura,CILINCING,Taman Joging,"Alamat: Jl. Tanjung I No.12, RT.12/RW.5, Sukapura, Kec. Cilincing, Jkt Utara, Daerah Khusus Ibukota Jakarta 14140 "
43,Sukapura,CILINCING,Pemancingan Galapung Aji,"Alamat: RWVH+385, RW.4, Sukapura, Kec. Cilincing, Jkt Utara, Daerah Khusus Ibukota Jakarta 14140 "
44,Sukapura,CILINCING,Pemancingan Galatama Bawal Babeh Udin (Bang Dirut),"Alamat: RWQF+HP8, RT.3/RW.9, Sukapura, Kec. Cilincing, Jkt Utara, Daerah Khusus Ibukota Jakarta 14140 "
45,Marunda,CILINCING,Museum Kebaharian Jakarta Rumah Si Pitung,"Alamat: Jl. Kampung Marunda Pulo, RT.2/RW.7, Marunda, Kec. Cilincing, Jkt Utara, Daerah Khusus Ibukota Jakarta 14150 "
46,Marunda,CILINCING,Wisata Pemancingan. Tarumanegara,"Alamat: Jl. Pinggir Dermaga No.6, RW.1, Marunda, Kec. Cilincing, Jkt Utara, Daerah Khusus Ibukota Jakarta 14150 "
47,Marunda,CILINCING,Dermaga Kepu Resort,"Alamat: RT.8/RW.7, Marunda, Kec. Cilincing, Jkt Utara, Daerah Khusus Ibukota Jakarta 14150 "
48,Marunda,CILINCING,Parkiran laut marunda,"Alamat: WX46+GFJRT, RW.07, Marunda, Kec. Cilincing, Jkt Utara, Daerah Khusus Ibukota Jakarta 14150 "
49,Marunda,CILINCING,Marunda ujung,"Alamat: WX46+GGF, Jl. Rumah Si Pitung, RT.4/RW.7, Marunda, Kec. Cilincing, Jkt Utara, Daerah Khusus Ibukota Jakarta 14150 "
50,Marunda,CILINCING,Spot mancing ujung BKT,"Alamat: Jl. Pinggir Dermaga No.1, Marunda, Kec. Cilincing, Jkt Utara, Daerah Khusus Ibukota Jakarta 14150 "
51,Marunda,CILINCING,Empang Pak Tri Marunda,"Alamat: VXJ8+JM7, RT.1/RW.6, Marunda, Kec. Cilincing, Jkt Utara, Daerah Khusus Ibukota Jakarta 14150 "
52,Marunda,CILINCING,CRAB ADVENTURE,"Alamat: WX59+65, RT.4/RW.7, Marunda, Kec. Cilincing, Jkt Utara, Daerah Khusus Ibukota Jakarta 14150 "
53,Marunda,CILINCING,Sewa Perahu MARUNDA,"Alamat: WX46+GFJ, RT.4/RW.7, Marunda, Kec. Cilincing, Jkt Utara, Daerah Khusus Ibukota Jakarta 14150 "
54,Kali Baru,CILINCING,Danau Indah Kalibaru,"Alamat: Jl. Kp. Rw. Bambu No.54, RT.003/RW.008, Kali Baru, Kecamatan Medan Satria, Kota Bks, Jawa Barat 17132 "
55,Kali Baru,CILINCING,Plaza Kalibaru,"Alamat: Jl. Pelabuhan Kalibaru No.2, RT.6/RW.9, Kali Baru, Jkt Utara, Daerah Khusus Ibukota Jakarta 14110 "
56,Rorotan,CILINCING,jawara wisata pancing,"Alamat: Jl. Sungai Kendal No.14, RT.1/RW.8, Rorotan, Kec. Cilincing, Jkt Utara, Daerah Khusus Ibukota Jakarta 14140 "
57,Rorotan,CILINCING,BLACK KINGDOM,"Alamat: RWXW+C3Q, Jl. Rorotan 1, RT.1/RW.10, Rorotan, Kec. Cilincing, Jkt Utara, Daerah Khusus Ibukota Jakarta 14140 "
58,Rorotan,CILINCING,Jakarta melon farm,"Alamat: Malaka indah, Rorotan, Kec. Cilincing, Jkt Utara, Daerah Khusus Ibukota Jakarta 13910 "
59,Semper Bar.,CILINCING,Dolphin Farm Jakarta,"Alamat: Jl. Belibis No.12, RW.4, Semper Bar., Kec. Cilincing, Jkt Utara, Daerah Khusus Ibukota Jakarta 14130 "
60,Semper Bar.,CILINCING,NEW NBC,"Alamat: Jl. Sungai Barito No.3, RW.1, Semper Bar., Kec. Cilincing, Jkt Utara, Daerah Khusus Ibukota Jakarta 14130 "
61,Semper Bar.,CILINCING,Djamal Fishing ( pemancingan djamal),"Alamat: RT.11/RW.4, Semper Bar., Kec. Cilincing, Jkt Utara, Daerah Khusus Ibukota Jakarta 14130 "
62,Pademangan Tim.,PADEMANGAN,Gondola Ancol Stasiun C,"Alamat: No. 7, Taman Impian Jaya, Jl. Lodan Raya, RT.1/RW.10, Pademangan Tim., Kec. Pademangan, Jkt Utara, Daerah Khusus Ibukota Jakarta 14430 "
63,Ancol,PADEMANGAN,Taman Impian Ancol,"Alamat: VRGV+WGR, 10, RW.10, Ancol, Kec. Pademangan, Jkt Utara, Daerah Khusus Ibukota Jakarta 14430 "
64,Ancol,PADEMANGAN,Dunia Fantasi,"Alamat: Jl. Lodan Timur No.7, Ancol, Kec. Pademangan, Jkt Utara, Daerah Khusus Ibukota Jakarta 14430 "
65,Ancol,PADEMANGAN,Pantai Karnaval Ancol,"Alamat: VVM4+CWG, Jl. Pantai Karnaval Ancol, Ancol, Kec. Pademangan, Jkt Utara, Daerah Khusus Ibukota Jakarta 14430 "
66,Ancol,PADEMANGAN,Faunaland Ancol,"Alamat: Ecovention Building - Ecopark, Jl. Lodan Raya, Ancol, Kec. Pademangan, Jkt Utara, Daerah Khusus Ibukota Jakarta 14430 "
67,Ancol,PADEMANGAN,Ocean Dream Samudra - Ancol,"Alamat: VRGR+6X7, Jl. Lodan timur No.7 RW.10, RW.10, Ancol, Kec. Pademangan, Jkt Utara, Daerah Khusus Ibukota Jakarta 14430 "
68,Ancol,PADEMANGAN,Taman Impian Jaya Ancol,"Alamat: VVM5+359, Ancol, Kec. Pademangan, Jkt Utara, Daerah Khusus Ibukota Jakarta 14430 "
69,Ancol,PADEMANGAN,Allianz Eco Park,"Alamat: Jl. Lodan Timur No.7, RW.10, Ancol, Kec. Pademangan, Jkt Utara, Daerah Khusus Ibukota Jakarta 14430 "
70,Ancol,PADEMANGAN,Jakarta Bird Land,"Alamat: Jl. Lodan timur No.7, Ancol, Kec. Pademangan, Jkt Utara, Daerah Khusus Ibukota Jakarta 14430 "
71,Ancol,PADEMANGAN,Atlantis Water Adventures Ancol,"Alamat: Taman Lumba-lumba No.7, RW.10, Ancol, Kec. Pademangan, Jkt Utara, Daerah Khusus Ibukota Jakarta 14430 "
72,Ancol,PADEMANGAN,Ancol Beach,"Alamat: VVJ2+63Q, Pantai, Ancol, Daerah Khusus Ibukota Jakarta "
73,Ancol,PADEMANGAN,Alive Museum Ancol,"Alamat: Ancol Beach City Mall, 3rd Floor Jalan Ancol Beach City Pademangan, Ancol, Kec. Pademangan, Jkt Utara, Daerah Khusus Ibukota Jakarta 14430 "
74,Ancol,PADEMANGAN,Baling Baling,"Alamat: Jl. Lodan Timur No.4, RW.10, Ancol, Kec. Pademangan, Jkt Utara, Daerah Khusus Ibukota Jakarta 14430 "
75,Ancol,PADEMANGAN,Ancol Learning Farm (Betani),"Alamat: RW.10, Ancol, Pademangan, RW.10, Ancol, Jakarta Utara, Jkt Utara, Daerah Khusus Ibukota Jakarta 14430 "
76,Ancol,PADEMANGAN,Discovery Pulau Seribu,"Alamat: jl. Lodan Timur 7 Gedung Gondola Stasiun A Pantai Festival Utara, RW.10, Ancol, DKI Jakarta, Jkt Utara, Daerah Khusus Ibukota Jakarta 14430 "
77,Ancol,PADEMANGAN,Ecopark Club House,"Alamat: VRGM+JV2, RW.10, Ancol, Kec. Pademangan, Jkt Utara, Daerah Khusus Ibukota Jakarta 14430 "
78,Ancol,PADEMANGAN,Dancing Fountain Ancol,"Alamat: VRHV+6R, Ancol, Kec. Pademangan, Jkt Utara, Daerah Khusus Ibukota Jakarta "
79,Ancol,PADEMANGAN,Wisata ancol,"Alamat: VVJ2+7HJ, Jl. Kw. Wisata Ancol, Ancol, Kec. Pademangan, Jkt Utara, Daerah Khusus Ibukota Jakarta 14430 "
80,Ancol,PADEMANGAN,Ontang Anting,"Alamat: Hall Rama Shinta, RW No.10, RW.10, Ancol, Kec. Pademangan, Jkt Utara, Daerah Khusus Ibukota Jakarta 14430 "
81,Ancol,PADEMANGAN,Symphony of the Sea,"Alamat: VRHV+CM8, RW.10, Ancol, Kec. Pademangan, Jkt Utara, Daerah Khusus Ibukota Jakarta 14430 "
82,Ancol,PADEMANGAN,Perahu Wisata Ancol (Ancol Short Cruising),"Alamat: VVJ2+GHP, Ancol, Jkt Utara, Daerah Khusus Ibukota Jakarta "
83,Ancol,PADEMANGAN,Jembatan Carnaval Ancol,"Alamat: VVM3+4W7, Ancol, Kec. Pademangan, Jkt Utara, Daerah Khusus Ibukota Jakarta 14430 "
84,Klp. Gading Tim.,KELAPA GADING,Taman Joging 1 Kelapa Gading,"Alamat: Jalan Raya Boulevard Blok. GT 3, Kelapa Gading, RW.16, Klp. Gading Tim., Kec. Klp. Gading, Jkt Utara, Daerah Khusus Ibukota Jakarta 14240 "
85,Pegangsaan Dua,KELAPA GADING,The aviary,"Alamat: RWJG+54R, Jl. Sedayu City Klp. Gading, Pegangsaan Dua, Kec. Cakung, Jkt Utara, Daerah Khusus Ibukota Jakarta "
86,Klp. Gading Bar.,KELAPA GADING,Bounce Street Asia - Trampoline Park | Tempat Hiburan & Rekreasi Keluarga Terbaik di Jakarta Utara & Kelapa Gading,"Alamat: sentra bisnis, Jalan, Jl. Artha Gading Sel. No.Kav 8, RT.18/RW.8, Klp. Gading Bar., Kec. Klp. Gading, Jkt Utara, Daerah Khusus Ibukota Jakarta 14240 "
87,Klp. Gading Bar.,KELAPA GADING,Museum Benda Benda Alkitab Yerushalayim,"Alamat: JL. Raya Jl. Sengon No.54, RT.1/RW.022, Klp. Gading Bar., Kec. Klp. Gading, Jkt Utara, Daerah Khusus Ibukota Jakarta 12420 "
88,Klp. Gading Bar.,KELAPA GADING,Jembatan kali betik,"Alamat: Jl. Gading Sengon Raya, RW.5, Klp. Gading Bar., Kec. Klp. Gading, Jkt Utara, Daerah Khusus Ibukota Jakarta 14240 "
89,Cengkareng Bar.,CENGKARENG,Taman Bermain Anak-anak,"Alamat: Jl. Utama Raya No.47, RT.9/RW.2, Cengkareng Bar., Kecamatan Cengkareng, Kota Jakarta Barat, Daerah Khusus Ibukota Jakarta 11730 "
90,Cengkareng Bar.,CENGKARENG,Mural Heroine dan barongsai,"Alamat: Jl. Kamal Raya No.1, RW.6, Cengkareng Bar., Kecamatan Cengkareng, Kota Jakarta Barat, Daerah Khusus Ibukota Jakarta "
91,Duri Kosambi,CENGKARENG,Jalur Hijau Kosambi Baru,"Alamat: RPJ7+FMQ, RT.1/RW.10, Duri Kosambi, Kecamatan Cengkareng, Kota Jakarta Barat, Daerah Khusus Ibukota Jakarta 11750 "
92,Duri Kosambi,CENGKARENG,Taman Pulir,"Alamat: RW.8, Duri Kosambi, Kecamatan Cengkareng, Kota Jakarta Barat, Daerah Khusus Ibukota Jakarta "
93,Duri Kosambi,CENGKARENG,RPTRA Mawar Duri Kosambi,"Alamat: Jl. Taman Kosambi Bar. No.6A, RT.8/RW.9, Duri Kosambi, Kecamatan Cengkareng, Kota Jakarta Barat, Daerah Khusus Ibukota Jakarta 11750 "
94,Duri Kosambi,CENGKARENG,Pemancingan Bawal Bang Peteng,"Alamat: Jl. HM Rahum No.45, RW.1, Duri Kosambi, Kecamatan Cengkareng, Kota Jakarta Barat, Daerah Khusus Ibukota Jakarta 11750 "
95,Duri Kosambi,CENGKARENG,Danau CAT RESCUE,"Alamat: RPCG+MQ6, Jl. Puri Mansion Utara Blvd, RT.13/RW.2, Duri Kosambi, Kecamatan Cengkareng, Kota Jakarta Barat, Daerah Khusus Ibukota Jakarta 11750 "
96,Duri Kosambi,CENGKARENG,TMB Pulir,"Alamat: RT.1/RW.8, Duri Kosambi, Kecamatan Cengkareng, Kota Jakarta Barat, Daerah Khusus Ibukota Jakarta 11750 "
97,Rw. Buaya,CENGKARENG,RPTRA Rawa Buaya,"Alamat: Jl. Bojong Raya No.66, RT.5/RW.5, Rw. Buaya, Kecamatan Cengkareng, Kota Jakarta Barat, Daerah Khusus Ibukota Jakarta 11740 "
98,KAPUK,CENGKARENG,RPTRA Taman Pedongkelan,"Alamat: Jl. Pedongkelan Raya No.8 Rt.08/Rw.08 Cengkareng Indah, RT.9/RW.9, Kapuk, Kecamatan Cengkareng, Kota Jakarta Barat, Daerah Khusus Ibukota Jakarta 11720 "
99,KAPUK,CENGKARENG,Gang petak,"Alamat: VQ67+5R4, Jl. Kapuk Raya, RT.1/RW.3, Kapuk, Kecamatan Cengkareng, Jkt Utara, Daerah Khusus Ibukota Jakarta 11720 "
100,KAPUK,CENGKARENG,Mural Persija raya,"Alamat: Jl. Kapuk Raya Gg. Petak IV No.4, RW.2, Kapuk, Kecamatan Cengkareng, Kota Jakarta Barat, Daerah Khusus Ibukota Jakarta 11720 "
101,KAPUK,CENGKARENG,Mural sepasang ondel ondel,"Alamat: RT.4/RW.2, Kapuk, Kecamatan Cengkareng, Kota Jakarta Barat, Daerah Khusus Ibukota Jakarta 11720 "
102,Grogol,GROGOL PETAMBURAN,Taman empang dan Air Mancur Waduk Grogol,"Alamat: Jl. Dr. Semeru 2 No.45, RT.9/RW.9, Grogol, Kec. Grogol petamburan, Kota Jakarta Barat, Daerah Khusus Ibukota Jakarta 11450 "
103,TOMANG,GROGOL PETAMBURAN,Taman Pohon Tomang,"Alamat: Jl. Tomang Raya No.57-69, RT.2/RW.13, Tomang, Kec. Grogol petamburan, Kota Jakarta Barat, Daerah Khusus Ibukota Jakarta 11440 "
104,TOMANG,GROGOL PETAMBURAN,Taman Duri Kepa Tomang Raya,"Alamat: Jl. Tomang Raya No.59, RT.2/RW.13, Tomang, Kec. Grogol petamburan, Kota Jakarta Barat, Daerah Khusus Ibukota Jakarta 11440 "
105,TOMANG,GROGOL PETAMBURAN,Taman Mandala,"Alamat: Jl. Mandala Barat No.21, RT.5/RW.4, Tomang, Kec. Grogol petamburan, Kota Jakarta Barat, Daerah Khusus Ibukota Jakarta 11440 "
106,TOMANG,GROGOL PETAMBURAN,Pohon Elektro Trisakti,"Alamat: Jl. Kyai Tapa No.101, RT.6/RW.16, Tomang, Kec. Grogol petamburan, Kota Jakarta Barat, Daerah Khusus Ibukota Jakarta 11440 "
107,TOMANG,GROGOL PETAMBURAN,Blue House Tomang,"Alamat: Gg. 1 No.1, RT.9/RW.6, Tomang, Kec. Grogol petamburan, Kota Jakarta Barat, Daerah Khusus Ibukota Jakarta 11440 "
108,TOMANG,GROGOL PETAMBURAN,Panorama JTB (Head Office),"Alamat: Panorama Building, Jl. Tomang Raya No.63, RT.2/RW.13, Tomang, Kec. Grogol petamburan, Kota Jakarta Barat, Daerah Khusus Ibukota Jakarta 11440 "
109,TOMANG,GROGOL PETAMBURAN,Kost Green 15,"Alamat: RT.13/RW.4, Tomang, Kec. Grogol petamburan, Kota Jakarta Barat, Daerah Khusus Ibukota Jakarta 11440 "
110,TOMANG,GROGOL PETAMBURAN,Kost Bu Hadi 1,"Alamat: Jl. Tomang Tinggi Raya Gg 17 No.13, RT.4/RW.7, Tomang, Kec. Grogol petamburan, Kota Jakarta Barat, Daerah Khusus Ibukota Jakarta 11440 "
111,TOMANG,GROGOL PETAMBURAN,Triptour.id,"Alamat: Jl. Tomang Raya No.63, RW.13, Tomang, Kec. Grogol petamburan, Kota Jakarta Barat, Daerah Khusus Ibukota Jakarta 11440 "
0,Kuningan Bar.,MAMPANG PRAPATAN,Museum Satriamandala,"Alamat: Jl. Gatot Subroto No.14, RW.1, Kuningan Bar., Kec. Mampang Prpt., Kota Jakarta Selatan, Daerah Khusus Ibukota Jakarta 12710 "
1,Kuningan Bar.,MAMPANG PRAPATAN,Kampoeng Djoeang Satriamandala,"Alamat: Jl. Gatot Subroto No.14, RT.6/RW.1, Kuningan Bar., Kec. Mampang Prpt., Kota Jakarta Selatan, Daerah Khusus Ibukota Jakarta 12710 "
2,Ps. Minggu,PASAR MINGGU,Taman Sepat Jakarta,"Alamat: Jl. Sepat I No.68, RT.1/RW.6, Kebagusan, Ps. Minggu, Kota Jakarta Selatan, Daerah Khusus Ibukota Jakarta 12520 "
3,Ps. Minggu,PASAR MINGGU,Taman Salam,"Alamat: Jl. Jati Murni No.56, RT.3/RW.2, Jati Padang, Ps. Minggu, Kota Jakarta Selatan, Daerah Khusus Ibukota Jakarta 12540 "
4,Jati Padang,PASAR MINGGU,Taman Salam,"Alamat: Jl. Jati Murni No.56, RT.3/RW.2, Jati Padang, Ps. Minggu, Kota Jakarta Selatan, Daerah Khusus Ibukota Jakarta 12540 "
5,Jati Padang,PASAR MINGGU,RPTRA Seruni,"Alamat: Gang Haji Saibun, RT.8/RW.9, Jati Padang, Pasar Minggu, RT.8/RW.9, Jati Padang, Ps. Minggu, Kota Jakarta Selatan, Daerah Khusus Ibukota Jakarta 12540 "
6,Cilandak Tim.,PASAR MINGGU,Mural photo spot,"Alamat: Jl. Benda Raya No.10A, RT.5/RW.4, Cilandak Tim., Ps. Minggu, Kota Jakarta Selatan, Daerah Khusus Ibukota Jakarta 12560 "
7,Ragunan,PASAR MINGGU,Taman Margasatwa Ragunan,"Alamat: Jl. Harsono RM No.1, Ragunan, Ps. Minggu, Kota Jakarta Selatan, Daerah Khusus Ibukota Jakarta 12550 "
8,Ragunan,PASAR MINGGU,Pusat Primata Schmutzer Jakarta,"Alamat: MRQC+237, RT.10/RW.7, Ragunan, Ps. Minggu, Kota Jakarta Selatan, Daerah Khusus Ibukota Jakarta 12550 "
9,Ragunan,PASAR MINGGU,Pintu Barat Kebun Binatang Ragunan,"Alamat: Jl. Kav. Polri, Ragunan, Ps. Minggu, Kota Jakarta Selatan, Daerah Khusus Ibukota Jakarta "
10,Ragunan,PASAR MINGGU,Agro Edu Wisata Ragunan,"Alamat: PR39+Q5F, RT.1/RW.5, Ragunan, Ps. Minggu, Kota Jakarta Selatan, Daerah Khusus Ibukota Jakarta 12550 "
11,Ragunan,PASAR MINGGU,Parkiran motor ragunan,"Alamat: Jl. Harsono RM No.10, RW.7, Ragunan, Ps. Minggu, Kota Jakarta Selatan, Daerah Khusus Ibukota Jakarta "
12,Ragunan,PASAR MINGGU,Kandang Macan Tutul,"Alamat: Jl. Harsono RM No.1, RT.2/RW.4, Ragunan, Ps. Minggu, Kota Jakarta Selatan, Daerah Khusus Ibukota Jakarta 12550 "
13,Pejaten Timur,PASAR MINGGU,KPC GEMA BERSUCI,"Alamat: Jl. Kemuning I Blok C No.11, RT.11/RW.6, Pejaten Timur, Ps. Minggu, Kota Jakarta Selatan, Daerah Khusus Ibukota Jakarta 12510 "
14,Pejaten Timur,PASAR MINGGU,Pemancingan Bang cani,"Alamat: Jl. Rukun Ujung No.14B, RT.5/RW.5, Pejaten Timur, Ps. Minggu, Kota Jakarta Selatan, Daerah Khusus Ibukota Jakarta 12510 "
15,Pejaten Bar.,PASAR MINGGU,Taman Pejatian,"Alamat: RT.2/RW.5, Pejaten Bar., Ps. Minggu, Kota Jakarta Selatan, Daerah Khusus Ibukota Jakarta 12510 "
16,Kebagusan,PASAR MINGGU,Taman Dadap Merah,"Alamat: Jalan Kebagusan Dalam 55 9 4, RT.8/RW.4, Kebagusan, Ps. Minggu, Daerah Khusus Ibukota Jakarta 12520 "
17,Kebagusan,PASAR MINGGU,Taman Kebagusan,"Alamat: MRXH+H6W, Jl. Kebagusan I, RT.9/RW.7, Kebagusan, Ps. Minggu, Kota Jakarta Selatan, Daerah Khusus Ibukota Jakarta 12520 "
18,Kebagusan,PASAR MINGGU,Taman Sepat Jakarta,"Alamat: Jl. Sepat I No.68, RT.1/RW.6, Kebagusan, Ps. Minggu, Kota Jakarta Selatan, Daerah Khusus Ibukota Jakarta 12520 "
19,Kebagusan,PASAR MINGGU,Nusa Edu Park by AAI,"Alamat: Jl. Assakinah III No.3, RT.2/RW.2, Kebagusan, Pasar Minggu, South Jakarta City, Jakarta 12520 "
20,Kebagusan,PASAR MINGGU,Taman Assakinah Kebagusan Jakarta Selatan,"Alamat: 11, RT.11/RW.2, Kebagusan, Ps. Minggu, Kota Jakarta Selatan, Daerah Khusus Ibukota Jakarta 12520 "
21,Kby. Lama Utara,KEBAYORAN LAMA,Kampoeng Gallery,"Alamat: Jl. Mesjid Al Huda No.1, RT.5/RW.1, Kby. Lama Utara, Kec. Kby. Lama, Kota Jakarta Selatan, Daerah Khusus Ibukota Jakarta 12240 "
22,Kby. Lama Utara,KEBAYORAN LAMA,Tempat Santai Pinggir Kali Gusuran,"Alamat: PQX9+M2P, Jl. Inspeksi, RT.2/RW.10, Kby. Lama Utara, Kec. Kby. Lama, Kota Jakarta Selatan, Daerah Khusus Ibukota Jakarta 12320 "
23,Kby. Lama Utara,KEBAYORAN LAMA,Kepz house,"Alamat: Jl. Delman Utama No.40, RT.13/RW.9, Kby. Lama Utara, Kec. Kby. Lama, Kota Jakarta Selatan, Daerah Khusus Ibukota Jakarta 12240 "
24,Kby. Lama Utara,KEBAYORAN LAMA,Shaka Mulia Wisata,"Alamat: Jl. Bintaro Raya No.3, RT.1/RW.10, Kby. Lama Utara, Kec. Kby. Lama, Kota Jakarta Selatan, Daerah Khusus Ibukota Jakarta 12240 "
25,Pd. Pinang,KEBAYORAN LAMA,Pondok Indah Water Park,"Alamat: PQJM+WQ2, Pondok Indah Mall, Jl. Metro Pondok Indah, RT.1/RW.16, Pd. Pinang, Kec. Kby. Lama, Kota Jakarta Selatan, Daerah Khusus Ibukota Jakarta 12310 "
26,Pd. Pinang,KEBAYORAN LAMA,At-Most Fear PIM 3,"Alamat: Jl. Arteri Pd. Indah No.9-B, RT.1/RW.16, Pd. Pinang, Kec. Kby. Lama, Kota Jakarta Selatan, Daerah Khusus Ibukota Jakarta 12240 "
27,Pd. Pinang,KEBAYORAN LAMA,Marvel Studios Exhibition: A Universe of Heroes,"Alamat: PQPJ+CXG, Pd. Pinang, Kec. Kby. Lama, Kota Jakarta Selatan, Daerah Khusus Ibukota Jakarta 12310 "
28,Pd. Pinang,KEBAYORAN LAMA,KBR,"Alamat: Jl. Kramat I No.15C, RT.9/RW.1, Pd. Pinang, Kec. Kby. Lama, Kota Jakarta Selatan, Daerah Khusus Ibukota Jakarta 12310 "
